PMID,Title,Abstract,IsOpenAccess,FullTextContent,License
30005702,Test Article 3 (Other License),This is a test abstract for an article with a different license.,True,"Skip to main content

An official website of the United States government

Here's how you know

Here's how you know

Official websites use .gov

A

.gov

website belongs to an official
                            government organization in the United States.

Secure .gov websites use HTTPS

A

lock

(

Lock

Locked padlock icon

) or

https://

means you've safely
                                connected to the .gov website. Share sensitive
                                information only on official, secure websites.

Search

Log in

Dashboard

Publications

Account settings

Log out

Search…

Search NCBI

Primary site navigation

Search

Logged in as:

Dashboard

Publications

Account settings

Log in

Search PMC Full-Text Archive

Search in PMC

Advanced Search

Journal List

User Guide

New

Try this search in PMC Beta Search

PERMALINK

Copy

As a library, NLM provides access to scientific literature. Inclusion in an NLM database does not imply endorsement of, or agreement with,
    the contents by NLM or the National Institutes of Health.

Learn more:

PMC Disclaimer

|

PMC Copyright Notice

BMC Res Notes

. 2018 Jul 13;11:472. doi:

10.1186/s13104-018-3591-3

Search in PMC

Search in PubMed

View in NLM Catalog

Add to search

Intranasal administration of cationic liposomes enhanced granulocyte–macrophage colony-stimulating factor expression and this expression is dispensable for mucosal adjuvant activity

Rui Tada

Rui Tada

1

Department of Drug Delivery and Molecular Biopharmaceutics, School of Pharmacy, Tokyo University of Pharmacy and Life Sciences, 1432-1, Horinouchi, Hachioji, Tokyo 192-0392 Japan

Find articles by

Rui Tada

1,

✉

,

Akira Hidaka

Akira Hidaka

1

Department of Drug Delivery and Molecular Biopharmaceutics, School of Pharmacy, Tokyo University of Pharmacy and Life Sciences, 1432-1, Horinouchi, Hachioji, Tokyo 192-0392 Japan

Find articles by

Akira Hidaka

1

,

Hiroshi Kiyono

Hiroshi Kiyono

2

Division of Mucosal Immunology and International Research and Development Center for Mucosal Vaccines, Department of Microbiology and Immunology, The Institute of Medical Science, The University of Tokyo, Tokyo, Japan

Find articles by

Hiroshi Kiyono

2

,

Jun Kunisawa

Jun Kunisawa

2

Division of Mucosal Immunology and International Research and Development Center for Mucosal Vaccines, Department of Microbiology and Immunology, The Institute of Medical Science, The University of Tokyo, Tokyo, Japan

3

Laboratory of Vaccine Materials, National Institutes of Biomedical Innovation, Health and Nutrition (NIBIOHN), Osaka, Japan

Find articles by

Jun Kunisawa

2,

3

,

Yukihiko Aramaki

Yukihiko Aramaki

1

Department of Drug Delivery and Molecular Biopharmaceutics, School of Pharmacy, Tokyo University of Pharmacy and Life Sciences, 1432-1, Horinouchi, Hachioji, Tokyo 192-0392 Japan

Find articles by

Yukihiko Aramaki

1

Author information

Article notes

Copyright and License information

1

Department of Drug Delivery and Molecular Biopharmaceutics, School of Pharmacy, Tokyo University of Pharmacy and Life Sciences, 1432-1, Horinouchi, Hachioji, Tokyo 192-0392 Japan

2

Division of Mucosal Immunology and International Research and Development Center for Mucosal Vaccines, Department of Microbiology and Immunology, The Institute of Medical Science, The University of Tokyo, Tokyo, Japan

3

Laboratory of Vaccine Materials, National Institutes of Biomedical Innovation, Health and Nutrition (NIBIOHN), Osaka, Japan

✉

Corresponding author.

Received 2018 May 15; Accepted 2018 Jul 10; Collection date 2018.

© The Author(s) 2018

Open Access

This article is distributed under the terms of the Creative Commons Attribution 4.0 International License (

http://creativecommons.org/licenses/by/4.0/

), which permits unrestricted use, distribution, and reproduction in any medium, provided you give appropriate credit to the original author(s) and the source, provide a link to the Creative Commons license, and indicate if changes were made. The Creative Commons Public Domain Dedication waiver (

http://creativecommons.org/publicdomain/zero/1.0/

) applies to the data made available in this article, unless otherwise stated.

PMC Copyright notice

PMCID: PMC6045820  PMID:

30005702

Abstract

Objective

Infectious diseases remain a threat to human life. Vaccination against pathogenic microbes is a primary method of treatment as well as prevention of infectious diseases. Particularly mucosal vaccination is a promising approach to fight against most infectious diseases, because mucosal surfaces are a major point of entry for most pathogens. We recently developed an effective mucosal adjuvant of cationic liposomes composed of 1,2-dioleoyl-3-trimethylammonium-propane (DOTAP) and 3β-[

N

-(

N

′,

N

′-dimethylaminoethane)-carbamoyl] (DC-chol) (DOTAP/DC-chol liposomes). However, the mechanism(s) underlying the mucosal adjuvant effects exerted by the cationic liposomes have been unclear. In this stu",cc-by
